assessment score 1,assessment score 2
357,
514,
686,
39,
963,
123,
345,
249,
105,
220,
221,
211,
539,
404,
815,
196,
785,
637,
542,
39,
479,
866,
777,
334,
902,
49,
33,
909,
615,
742,
254,
316,
75,
242,
964,
375,
547,
813,
273,
560,
560,
170,
239,
955,
527,
857,
521,
242,
652,
461,
806,
544,
803,
116,
878,
446,
900,
740,
434,
679,
601,
176,
660,
900,
256,
833,
915,
444,
357,
278,
982,
856,
674,
624,
914,
560,
127,
727,
664,
170,
569,
856,
840,
934,
419,
377,
711,
400,
33,
771,
980,
917,
572,
196,
347,
121,
483,
680,
345,
113,
125,
765,
821,
362,
480,
209,
965,
207,
857,
68,
423,
557,
920,
867,
793,
328,
960,
520,
743,
741,
391,
466,
607,
242,
402,
264,
944,
670,
313,
929,
181,
353,
758,
390,
778,
703,
844,
173,
635,
414,
831,
86,
514,
809,
653,
180,
11,
918,
43,
776,
98,
327,
139,
499,
864,
371,
523,
276,
275,
877,
995,
876,
718,
470,
14,
614,
964,
242,
58,
783,
988,
834,
294,
652,
730,
88,
306,
799,
380,
736,
699,
658,
83,
370,
385,
952,
5,
489,
190,
863,
367,
693,
151,
615,
246,
900,
895,
77,
818,
950,
873,
642,
390,
753,
338,
612,
198,
421,
513,
687,
791,
78,
9,
673,
996,
758,
920,
650,
740,
755,
237,
465,
973,
959,
643,
267,
743,
954,
64,
929,
684,
956,
613,
342,
911,
812,
745,
261,
772,
770,
455,
796,
95,
817,
521,
278,
186,
32,
413,
254,
974,
606,
869,
996,
332,
90,
825,
326,
69,
56,
691,
609,
475,
442,
576,
720,
583,
815,
970,
714,
787,
762,
990,
203,
375,
475,
400,
626,
547,
651,
437,
107,
869,
424,
780,
84,
424,
226,
268,
447,
586,
847,
963,
607,
436,
368,
727,
510,
782,
853,
680,
107,
972,
615,
836,
876,
420,
451,
797,
489,
15,
696,
423,
52,
864,
537,
899,
450,
960,
144,
207,
552,
141,
211,
495,
634,
841,
292,
233,
680,
609,
518,
799,
269,
965,
483,
687,
969,
529,
576,
529,
85,
206,
172,
354,
27,
486,
595,
370,
464,
293,
570,
253,
938,
115,
98,
687,
242,
531,
609,
23,
906,
99,2.0
545,
649,
798,
46,
937,
827,
104,
709,
308,
863,
871,
956,
976,
405,
902,
658,
63,
65,
905,
783,
388,
214,
57,
11,
291,
424,
694,
765,
289,
727,
786,
533,
480,
346,
97,
754,
371,
20,
636,
688,
174,
662,
890,
626,
632,
325,
693,
918,
431,
899,
175,
972,
603,
802,
993,
980,
755,
347,
250,
470,
48,
912,
886,
743,
694,
153,
998,
23,
151,
166,
168,
800,
973,
135,
379,
718,
157,
322,
191,
440,
96,
58,
109,
589,
858,
987,
733,
369,
445,
531,
655,
794,
769,
549,
105,
853,
85,3.0
204,
391,
15,
678,
723,
504,
91,
127,
60,
345,
314,
459,
909,
415,
301,
578,
855,
648,
648,
606,
60,
737,
970,
87,
256,
805,
113,
821,
707,
604,
339,
349,
234,
284,
472,
991,
868,
530,
973,
240,
377,
850,
171,
631,
522,
861,
840,
456,
599,
459,
28,
182,
812,
878,
508,
914,
940,
734,
266,
331,
843,
402,
375,
250,
153,
560,
189,
291,
636,
740,
977,
742,
46,
785,
438,
878,
753,
521,
102,
307,
515,
163,
863,
77,
434,
646,
347,
813,
850,
124,
692,
32,
919,
765,
437,
887,
242,
369,
637,
401,
282,
451,
513,
303,
578,
890,
659,
805,
989,
86,
85,
964,
943,
675,
627,
121,
809,
922,
797,
756,
297,
590,
792,
240,
909,
344,
183,
363,
914,
861,
529,
690,
768,
715,
286,
770,
530,
419,
168,
485,
916,
196,
213,
393,
118,
244,
658,
909,
667,
986,
460,
383,
235,
511,
890,
334,
585,
17,
527,
443,
490,
27,
110,
397,
425,
878,
528,
854,
281,
19,
214,
719,
155,
481,
118,
704,
549,
693,
390,
180,
603,
909,
255,
711,
614,
510,
762,
975,
342,
693,
583,
727,
242,
849,
158,
181,
809,
184,
125,
601,
584,
934,
639,
56,
446,
45,
948,
485,
720,
750,
959,
206,
788,
962,
346,
487,
663,
278,
157,
207,
851,
924,
928,
540,
545,
464,
782,
522,
689,
321,
933,
802,
344,
362,
889,
677,
88,
382,
909,
915,
130,
568,
591,
395,
284,
679,
561,
619,
175,
27,
654,
267,
730,
231,
680,
82,
135,
48,
385,
746,
205,
661,
226,
555,
655,
933,
746,
433,
829,
781,
558,
747,
497,
412,
522,
893,
142,
360,
145,
110,
756,
185,
747,
315,
744,
198,
85,
415,
821,
633,
401,
722,
403,
11,
690,
219,
548,
722,
461,
467,
494,
695,
615,
538,
166,
329,
494,
836,
525,
617,
149,
601,
953,
917,
540,
192,
999,
356,
503,
792,
438,
747,
223,
306,
568,
982,
41,
745,
95,
514,
841,
419,
320,
370,
206,
592,
87,
39,
236,
877,
724,
413,
516,
727,
363,
812,
20,
727,
945,
258,
379,
138,
360,
680,
356,
91,
237,
402,
129,
485,
13,
385,
955,
94,
52,
164,
738,
251,
529,
872,
694,
837,
18,
461,
475,
423,
272,
944,
932,
697,
928,
420,
18,
971,
977,
571,
10,
797,
300,
701,
751,
371,
915,
384,
924,
991,
579,
350,
403,
53,
793,
787,
713,
518,
995,
880,
283,
49,
212,
40,
536,
392,
546,
757,
972,
627,
765,
695,
850,
553,
853,
307,
546,
205,
981,
785,
313,
953,
495,
391,
348,
687,
136,
628,
895,
467,
778,
953,
126,
798,
378,
560,
523,
188,
889,
890,
44,
773,
587,
861,
430,
119,
966,
992,
253,
140,
615,
900,
612,
548,
938,
841,
521,
32,
709,
771,
77,
520,
56,
141,
552,
148,
453,
647,
667,
8,
339,
230,
482,
278,
715,
183,
647,
78,
585,
889,
525,
284,
870,
95,
178,
128,
323,
232,
33,
751,
208,
313,
239,
67,
324,
219,
699,
367,
501,
997,
408,
659,
138,
30,
287,
101,
369,
396,
828,
219,
940,
797,
81,
122,
842,
926,
655,
400,
998,
675,
140,
540,
228,
390,
51,
504,
796,
207,
395,
120,
389,
474,
291,
296,
386,
918,
722,
987,
807,
825,
930,
887,1.0
501,
546,
812,
237,
51,
709,
772,
317,
133,
68,
991,
698,
186,
961,
410,
915,
563,
573,
760,
935,
748,
0,
601,
590,
930,
500,
454,
933,
227,
744,
615,
534,
819,
858,
94,
798,
164,
727,
714,
864,
835,
719,
51,
998,
827,
496,
472,
218,
321,
863,
279,
755,
418,
729,
950,
70,
408,
375,
738,
81,
144,
225,
293,
997,
878,
685,
471,
330,
899,
607,
939,
220,
6,
486,
200,
737,
523,
312,
897,
277,
802,
355,
148,
235,
109,
648,
419,
227,
146,
383,
539,
994,
850,
253,
639,
540,
555,
155,
542,
209,
824,
940,
785,
711,2.0
52,
92,
932,
327,
568,
365,
501,
747,
731,
696,
706,
537,
492,
221,
823,
646,
107,
949,
565,
394,
233,
690,
609,
209,
547,
458,
876,
338,
879,
15,
164,
141,
942,
896,
329,
487,
404,10.0
719,
623,
429,
108,
264,
287,
675,
445,
867,
57,
217,
993,
996,
424,
536,
416,
258,
884,
345,
733,
260,
171,
247,
438,
194,
753,
304,
827,
341,
123,
37,
493,
703,
73,
936,
840,
539,
22,
431,
389,
554,
432,
675,
363,
14,
359,
512,
537,
623,
553,
850,
692,
126,
406,
648,
121,
475,
109,
777,
59,
116,
985,
127,
221,
458,
828,
515,
205,
8,
167,
765,
137,
303,
804,
55,
465,
79,
700,
436,
763,
78,
95,
345,
852,
407,
918,
812,
57,
138,
892,
761,
659,
208,
14,
304,
273,
403,
695,
781,
667,
442,
944,
329,
524,
373,
366,
73,
362,
765,
990,
893,
473,
145,
479,
975,
420,
576,
852,
10,
310,
893,
148,
833,
74,
857,
730,
364,
849,
248,
691,
383,
443,
425,
951,
804,
437,
269,
60,
973,
971,
130,
206,
849,
829,
234,
610,
453,
408,
945,
434,
486,
213,
603,5.0
650,
855,
190,
298,
707,
950,
353,
944,
135,
641,
588,
416,
371,
12,
235,
726,
157,
226,
321,
29,
930,
261,
341,
291,
381,
879,
662,
84,
665,
346,
100,
449,
382,
324,
913,
10,
823,
411,
626,
911,
144,
190,
96,
347,
89,
502,
369,
162,
984,
114,
221,
609,
296,
532,
909,
817,
384,
541,
389,
497,
972,
978,
476,
33,
382,
69,
410,
162,
371,
758,
266,
814,
923,
182,
76,
358,
809,
334,
822,
226,
435,
493,
754,
902,
743,
239,
732,
673,
186,
81,
214,
302,
885,1.0
593,
872,
881,
422,
247,
922,
626,
368,
899,
24,
396,
998,
279,
504,
992,
102,
596,
392,
200,
298,
903,
408,
8,
558,
802,
915,
408,
742,
685,
847,
156,
548,
326,
583,
502,
292,
114,
254,
163,
382,9.0
739,
895,
214,
394,
930,
791,
286,
505,
959,
645,
333,
884,
140,
819,
570,
573,
481,
435,
686,
142,
412,
96,
928,
781,
182,
990,
871,
169,
635,
265,
772,
280,
556,
182,
528,
724,
681,
271,
586,
105,
805,
279,
195,
789,
698,
180,
218,
839,
408,
119,
695,
39,
113,
227,
13,
622,
814,
504,
963,
903,
841,
877,
879,
685,
606,
176,
763,
735,
854,
943,
787,
621,
453,
386,
124,
715,
504,
421,
564,
57,
314,
686,
338,
723,
55,
760,
335,
860,
567,
575,
14,
226,
339,7.0
701,
403,
952,
19,
364,
893,
515,
148,
380,
708,
765,
416,
502,
445,
771,
922,
602,
427,
263,
306,
274,
892,
113,
466,
653,
542,
322,
253,
137,
780,
913,
332,
794,
444,
398,
65,
69,
293,
897,
358,
265,
189,
961,
980,
308,
339,
997,
178,
803,
885,
321,
741,
867,
130,
83,
973,
788,
278,
112,
369,
243,
192,
845,
247,
126,
588,
775,
764,
439,
630,
718,
779,3.0
26,
852,
742,
789,
134,
242,
827,
799,
283,
22,
849,
833,
366,3.0
806,
281,
483,
527,
465,
622,
330,
947,
646,
701,
463,
69,
181,
83,
28,
293,
140,
433,
518,
961,
394,
575,
489,
882,
363,
929,
912,
678,
201,
819,
79,
16,
102,
781,
312,
848,
928,
1,
161,
225,
552,
604,
111,
146,
975,
77,
13,
592,
437,
991,
662,
968,
671,
894,
992,
36,
730,
764,
269,
852,
821,
589,
595,
876,
530,
161,
639,
797,
701,
368,
302,
549,
55,
229,
693,
248,
347,
992,
795,
698,
248,
269,
622,
305,
178,
472,
421,
968,
935,
953,
951,
387,
706,
116,
624,
884,
359,
306,
494,
575,
240,
687,
499,
334,
505,
286,
203,
73,
413,
910,
345,
922,
644,
867,
897,
132,
428,
564,
804,
790,
319,
387,
74,
509,
353,
856,
716,
132,
529,
266,
318,
200,
863,
174,
955,
697,
383,
70,
235,
543,
684,
815,3.0
0,
78,
807,
74,
84,
309,
639,
826,
566,
961,
886,
913,
309,
979,
797,
657,
182,
60,
524,
784,
430,
388,
933,
4,
385,
256,
532,
523,
806,
723,
181,
770,
635,
243,
730,
808,
18,
249,
839,
259,
554,
333,
642,
554,
460,
541,
401,
466,
11,
284,
698,
745,
279,
48,
305,
568,
698,
870,
160,
636,
939,
936,
32,
815,
370,
673,
914,
980,
938,
537,
944,
682,
293,
50,
583,
193,
16,
932,
802,
209,
570,
613,
884,
455,
999,
245,
439,
700,
561,
188,
649,
302,
533,
611,
707,
414,
933,
526,
941,
603,
821,
123,
202,
345,
990,
432,
20,
700,
629,
328,
991,
632,
90,
56,
369,
139,
27,
51,
620,
124,
686,
633,
234,
65,
184,
487,
653,
846,
952,
828,
544,
273,10.0
821,
812,
411,
920,
458,
906,
467,
498,
202,
482,
270,
572,
777,
682,
722,4.0
635,
893,
303,
340,
60,
25,
114,
356,
335,
83,
153,
302,
377,
461,
254,
165,
443,
288,
714,
872,
170,
964,
472,
569,
392,
525,
716,
240,
563,
474,
99,
998,
512,
270,
274,
323,
316,
566,
257,
706,
544,
48,
819,
439,
407,
60,
814,
439,
840,
72,
154,
536,
699,
548,
416,
451,
278,
439,
745,
812,
612,
376,
933,
230,
220,
870,
169,
993,
913,
58,
957,
752,
53,
630,
238,
357,
684,
744,
869,
672,
841,
903,
484,
693,
813,
170,
849,
887,
189,
25,
748,
276,
779,
929,
365,
40,
734,
987,
226,
491,
155,
222,
186,
118,
6,1.0
161,
841,
337,
99,
663,
428,
529,
931,
372,
771,
269,
266,
735,
62,
360,
274,
477,
770,
792,
618,
880,
323,
895,
950,
272,
252,
490,
584,
264,
824,
752,
785,
69,
642,
965,
563,
482,
898,
777,
116,
511,
818,
472,
905,
574,
526,
501,
433,
171,
347,
951,
357,
734,
522,
49,
728,
502,
955,
733,
687,
664,
553,
717,
522,
965,
558,
147,
982,
416,
328,
663,
40,
798,
144,
78,
714,
834,
998,
501,
932,2.0
83,
504,
746,
944,
533,
966,
553,
456,
390,
287,
490,
165,
635,
393,
385,
10,
350,
483,
509,
359,
774,
657,
116,
305,
30,
312,
994,
498,
765,
58,
34,
448,
927,
288,
501,
575,
819,
616,
605,
915,
778,
30,
598,
629,
555,
69,
131,
829,
222,
55,
282,
581,
655,
532,
184,
629,
777,
923,
617,
601,
232,
761,
646,
150,
45,
499,
140,
333,
111,
325,
155,
455,
213,
261,
14,
381,
336,
334,
377,
655,
669,
257,
1,
78,
541,
575,
698,
745,
138,
984,
889,
83,
339,
228,
880,
346,
579,
482,
2,
689,
911,
470,
717,
223,
25,
187,
867,
188,
308,
416,
126,
581,
458,
863,
245,
851,3.0
302,
145,
866,
758,
387,
546,
618,
783,
449,
17,
575,
9,
620,
753,
179,
600,
843,
124,
622,
217,
254,
583,
547,
740,
913,
100,
151,
353,
826,
271,
824,
487,
987,
860,
772,
884,
398,
844,
8,
882,
534,
160,
478,
896,
559,
555,
784,
909,
132,
772,
410,
206,
773,
815,
776,
931,
622,
555,
842,
871,
792,
135,
312,
122,
398,
128,
485,
478,
444,
974,
655,
273,4.0
852,
138,
169,
557,
405,
962,
141,
607,
738,
720,
848,
225,
931,
16,8.0
223,
557,
151,
34,
555,
471,
802,
164,
864,
502,
439,
320,
601,
941,
469,
398,
341,
384,
832,
76,
528,
321,
171,
194,
340,
103,
902,
257,
341,
294,
333,
177,
441,
513,
599,
751,
859,
716,
708,3.0
84,
410,
575,
451,
79,
983,
558,
399,
385,
584,
360,
863,
50,
90,
540,
285,
274,
675,
485,
86,
416,
240,
32,
523,
401,
851,
637,
470,
519,
345,
641,
988,
113,
820,
340,
197,
934,
89,
774,
259,
583,
335,
738,
332,
203,
555,
210,
951,
735,
333,
324,
92,
832,
25,
348,
455,
90,
711,
93,
65,
851,
414,
953,5.0
869,
71,
363,
57,
297,
82,
686,
937,
206,
702,
114,
939,
235,
317,
471,
649,
600,
109,
620,
594,
448,
104,
451,
50,
973,
131,
194,
602,
612,
936,
79,
72,
405,
231,
412,
800,
615,
488,
592,
986,
253,
420,
328,
473,
216,
661,
495,
423,
965,
868,
104,
409,3.0
647,
634,
466,
466,
966,
593,
760,
982,
628,
575,
497,
295,
108,
705,
143,
946,
631,
971,
445,
147,
239,
690,
947,
239,
99,
890,
513,
593,
723,
937,
886,
137,
283,
315,
546,
311,
34,
16,
199,
594,
655,
376,
716,
245,
120,7.0
286,
429,
445,
349,
681,
926,
624,
277,
874,
787,
111,
724,
195,
445,
534,
935,
591,
958,
51,
842,
502,
349,
781,
58,
652,
207,
71,
24,
370,
48,
900,
430,
10,
768,
595,
711,
243,
63,
957,
204,
198,
926,
133,
514,
211,
914,
762,
612,
351,
88,
806,
380,
837,
782,
405,
808,
933,
829,
651,
473,
341,
650,
391,
92,
736,
681,
326,
697,
65,
311,
183,
573,
316,
498,
61,
182,
547,
614,
105,
362,
772,
784,
51,
411,
948,
517,
742,
884,
574,
745,
635,
904,
6,
584,
879,
207,
457,
650,
501,
457,
146,
100,
444,
751,
518,
952,
212,
720,
310,
434,
68,
828,
65,
514,
845,
710,
474,
814,
691,
343,
384,
602,
942,
873,
564,
795,
644,
634,
817,
955,
622,
37,
758,
311,
229,
164,
136,
969,
627,
851,
331,
849,
983,
404,
957,
658,
274,
865,
425,
522,
625,
313,
47,
848,
345,
688,
389,
14,
589,
111,
390,
550,
616,
826,
741,
382,
868,
981,
566,
69,
584,
395,
381,
988,
801,
878,
198,
317,
177,
385,
128,
389,
777,
492,
507,
199,
325,
299,
945,
739,
426,
737,
207,
928,
7,
888,
30,
119,
141,
349,
749,
775,
749,
931,
916,
730,
183,
5,
63,
21,
358,
704,
316,
536,
505,
665,
248,
553,
282,
488,
633,
960,
474,
747,
517,
626,
437,
545,
746,
485,
82,
432,
866,
594,
313,
905,
741,
466,
440,
646,
975,
966,
435,
378,2.0
577,
198,
977,
975,
257,
160,
505,
674,
771,
868,
382,
514,
113,
85,
94,
71,
118,
578,
138,
376,
323,
767,
376,
52,
22,
430,
604,7.0
659,
245,
528,
587,
805,
808,
958,
898,
842,
600,
962,
562,
303,
715,
311,
846,
38,
830,
513,
981,
922,
611,
829,
418,
382,
575,
901,
602,
790,
66,
542,
364,
860,
337,
879,
611,
954,
48,
919,
747,
249,
688,
835,
993,
51,
206,
194,
170,
750,
215,
332,
69,
134,
323,
297,
443,
53,
657,
482,
713,
66,
337,
172,
88,
419,
129,
558,
320,
984,
422,
728,
623,
630,0.0
902,
602,
555,
935,
844,
160,
598,
386,
657,
883,
458,
532,10.0
899,
290,
688,
978,
731,
291,
803,
276,
504,
908,
492,
875,
744,
598,
400,
637,
566,
176,
90,
500,
830,
657,
563,
606,
790,
295,
662,
609,
103,
406,
886,
526,
358,
462,
447,
610,
806,
772,
626,
697,
11,
404,
270,
873,
957,
602,
955,
768,
322,
113,
967,
885,
668,
458,
290,
600,
291,
549,
492,
914,
550,
956,
633,
212,
70,
847,
572,
66,
854,
295,
910,
662,
19,
331,
197,
428,
51,
222,
60,
473,
961,
151,
307,
965,
261,
259,
736,
38,
784,
482,
229,
476,
840,
856,
921,
667,
484,
374,
801,2.0
87,
158,
132,
417,
218,
947,
909,
779,
589,
49,
479,
952,
952,
79,
209,
966,
332,
786,
208,
942,
353,
45,
756,
711,
100,
793,
71,
740,
233,
27,
256,
742,
476,
171,
400,
922,
779,
696,
827,
108,
581,
262,
876,
416,
682,
933,
230,
814,
67,
509,
776,
470,
217,
944,
551,
546,
731,
426,
875,
334,
217,
240,
12,
124,
662,
270,
127,
343,
468,
147,
53,
931,
437,
923,
542,
125,
690,
335,
976,
78,
628,
849,
361,
775,
509,
282,
555,
476,
250,
720,
818,
585,
270,
394,
268,
775,
623,
197,
478,
542,
144,
208,
149,
428,
284,
869,
662,
613,
605,
68,
96,
113,
159,
730,
987,
340,
168,
865,
869,
145,
223,
272,
311,
532,
766,
697,
320,
805,
926,
17,
504,
662,
981,
110,
804,
103,
646,
863,
80,
281,
891,
756,
732,
793,
817,
151,
917,
632,
677,
851,
483,
557,
112,
438,
599,
725,
224,
743,
606,
128,
301,
313,
627,
459,
88,
856,
646,
784,
257,
23,
959,
110,
510,
106,
711,
763,
476,
853,
142,
85,
230,
441,
491,
11,
43,
186,
608,
638,
115,
784,
475,
405,
328,
558,
328,
286,
445,
1,
564,
629,
81,
146,
145,
869,
939,
590,
410,
479,
498,
265,
636,
712,
863,
410,
194,
759,
534,
516,
220,
932,
109,
859,
657,
732,
869,
15,
469,
473,
635,
71,
400,
353,
183,
277,
680,
658,
449,
85,
897,
174,
393,
280,
456,
914,
302,
882,
204,
500,
615,
738,
293,
347,
796,
575,
216,
437,
849,
134,
835,
238,
222,
542,
236,
679,
220,
658,
649,
427,
203,
390,
313,
383,
790,
564,
115,
358,
243,
764,
889,
243,
394,
692,
784,
152,
314,
232,
47,
850,
816,
305,
450,
439,
329,
904,
268,
514,
620,
449,
707,
527,
561,
327,
101,
410,
711,7.0
751,
611,
405,
207,
392,
81,
305,
68,
805,
585,
431,
756,
795,
939,
713,
354,
409,
998,
181,
42,
244,
800,
783,
292,
438,
457,
927,
860,
871,
650,
436,
330,
175,
610,
187,
88,
366,
356,
58,
149,
430,
681,
727,
203,
737,
171,
130,
974,
368,
732,
600,
762,
8,
657,
59,
13,
623,
703,
878,
317,
663,
264,
986,
213,
842,
52,
841,
655,
590,
628,
841,
93,
168,
252,
452,
446,
967,
271,
339,
517,
158,
482,
662,
928,
703,
404,
1,
680,
969,
821,
964,
356,
140,
945,
850,
415,
664,
209,
247,
414,
627,
648,
299,
798,
739,
172,
936,
174,
637,
79,
982,
303,
615,
209,
299,
506,
837,
20,
232,
694,
816,
902,
896,
766,
691,
512,
917,
506,
6,
297,
786,
799,
312,
58,
876,
286,
420,
117,
961,
439,
98,
519,
277,
602,
772,
457,
348,
882,
611,
590,
474,
890,
112,
66,
563,
46,
369,
929,
268,
998,
228,
71,
904,
700,
665,
655,
961,
433,
458,
767,
654,
139,
86,
88,
704,
795,
779,
902,
62,
298,
94,
738,
768,
706,0.0
232,
57,
302,
987,
976,
411,
229,
592,
600,
999,
767,
795,
219,
160,
631,
516,
58,
327,
504,
184,
428,
452,
341,
686,
708,
729,
428,
375,
974,
308,
699,
805,
349,
105,
304,
951,
390,
397,
636,
698,
261,
181,
191,
503,
257,
820,
752,
560,
493,
826,
165,
142,
553,
85,
547,
657,
840,
137,
334,
177,
258,
924,
721,
373,
624,
491,
608,
24,
823,
623,
436,
163,
653,
303,
267,
880,
19,
211,
649,
923,
270,
494,
947,
60,
361,
175,
874,
339,
759,
48,
335,
268,
270,
882,
15,
513,
949,
457,
543,
790,
350,
799,
741,
681,
610,
697,
139,
66,
818,
875,
154,
715,5.0
467,
900,
817,
328,
457,
26,
137,
274,
780,
535,
342,
913,
772,
484,
379,
641,
630,
750,
800,
905,
157,
156,
376,
473,
839,
507,
343,
352,
72,
287,
929,
671,
216,
388,
146,
355,
355,
742,
499,
10,
984,
638,
661,
999,
468,
532,
340,
833,
75,
463,
767,
724,
204,
761,
739,
509,
610,
912,
986,
525,
738,
497,
81,
203,
810,
775,
876,
886,
317,
687,
859,
259,
458,
820,
967,
64,
463,
805,
561,
822,
48,
133,
867,
206,
616,
540,
870,
949,
880,
620,
138,
733,
742,
54,
607,
818,
634,
113,
543,
476,
399,
147,
851,
578,
148,
955,
245,
455,
896,
378,
27,
30,
705,
457,
751,
257,
311,
51,
582,
226,
520,
948,
489,
366,
844,
756,
791,
303,
883,
722,
183,
730,
703,
196,
318,
723,
578,
425,
392,
700,
810,
597,
523,
92,
230,
23,
857,
343,
726,
827,
3,
796,
333,
266,
113,
864,
882,
54,
164,
968,
401,4.0
408,
5,
597,
551,
324,
360,
496,
356,
469,
898,
439,
871,
994,
441,
961,
439,
918,
167,
948,
172,
382,
363,
287,
269,
444,
848,
160,
223,
491,
182,
400,
75,
813,
734,
910,
878,
257,
579,
383,
408,
762,
819,
297,
869,
72,
406,
921,
472,
492,
797,
337,
907,
322,
378,
866,
430,
132,
124,
190,
345,
954,
538,
727,
985,
600,
144,
251,
288,
447,
855,
295,
352,
580,
312,
936,
806,
966,
794,
326,
722,5.0
991,
28,
945,
990,
401,
258,
419,
684,
508,
401,
71,
983,
423,
800,
422,
234,
799,
420,
456,
181,
97,
680,
977,
837,
775,
707,
759,
893,
718,
686,
900,
359,
483,
522,
386,
607,
505,
603,
405,
478,
603,
437,
568,
267,
589,
859,
287,
829,
60,
465,
671,
105,4.0
577,
777,
840,
164,
804,
730,
288,
266,
677,
167,
703,
500,
213,
782,
798,
323,
574,
789,
760,
713,
776,
172,
375,
698,
925,
179,
390,
789,
972,0.0
328,
723,
122,
278,
195,
888,
690,
126,
764,
268,
620,
704,
687,
768,
114,
766,
400,
562,
239,
884,
80,
182,
229,
130,
78,
154,
584,
182,
9,
766,
808,
502,
325,
272,
490,
669,
913,
157,
868,
902,
558,
420,
757,
456,
76,
938,
510,
32,
703,
951,
197,
249,
75,
260,
776,
771,
797,
470,
423,
657,
21,
63,
831,
5,
227,
745,
745,
398,
269,
111,
677,
489,
426,
856,
263,
181,
163,
396,
777,
393,
637,
858,
677,
238,
970,
67,
601,
953,
91,
548,
264,
425,
583,
686,
333,
450,
340,
28,
494,
846,
796,
59,
513,8.0
698,
322,
503,
827,
67,
911,
264,
435,
193,
901,
188,
705,
888,
152,
419,
648,
100,
842,
457,
464,
437,
325,
296,
315,
487,
97,
441,
188,
630,
593,
188,
356,1.0
905,
862,
627,
795,
873,
604,
178,
781,
14,
223,
913,
109,
339,
484,
193,
223,
80,
956,
120,
582,
994,
696,
85,
253,
547,
886,
847,
498,
938,
794,
724,
994,
775,
877,
582,
843,10.0
338,
431,
774,
817,
164,
495,
848,
363,
105,
69,
975,
91,
773,
855,
769,
646,
768,0.0
137,
285,
449,
371,
988,
656,
810,
770,
614,
226,
163,
719,
337,
978,
108,
816,
348,
404,
625,
746,
905,
891,
447,
230,
68,
463,
668,
215,
568,
774,
940,
757,
601,
508,
991,
562,
251,
494,
646,
138,
689,
743,
923,
268,
487,
573,
730,
886,
545,
809,
870,
38,
301,
381,
818,
796,
716,
399,
359,
930,
275,
323,
378,
86,
272,
459,
674,
39,
346,
229,
837,
523,
283,
108,
248,
127,
652,
598,
664,
456,
599,
47,
846,
310,
934,
26,
79,
100,
185,
818,
562,
432,
722,
575,
659,
8,
500,
858,
270,
995,
356,
229,
618,
112,
26,
683,
895,
711,
932,
596,
715,
101,
27,
598,
138,
858,
624,
83,
526,1.0
899,
180,
683,
187,
325,
525,
361,
522,
390,
154,
307,
986,
894,
405,
204,
37,
586,
997,
447,
469,
233,
990,
519,
465,
353,
788,
630,
719,
329,
441,
813,
126,
988,
26,
500,
972,
719,
826,
905,
540,
486,
660,
196,
267,
579,
944,
82,
447,
147,
236,
970,
128,
887,
679,
847,
717,
363,
432,
848,
884,
981,
93,
645,
619,
0,
954,
290,
695,
353,
261,
560,
854,
626,
713,
406,
45,
634,
927,2.0
526,
751,
525,
773,
518,
342,
64,
243,
215,
412,
623,
353,
241,
295,
396,
254,
439,
724,
288,
423,
839,
901,
874,8.0
58,
361,
364,
599,
103,
406,
861,
78,
133,
382,
394,
865,
865,
859,
123,
544,
701,
777,
756,
747,
718,
161,
463,
352,
848,
315,
453,
995,
444,
833,
694,
774,
473,
91,
466,
178,
23,
760,
287,
16,
899,
841,
902,
839,
210,
747,
496,
339,
494,
868,
790,
452,
34,
777,
943,
881,
128,
201,
618,
924,
432,
255,
456,
327,
197,
707,
935,
537,
824,
175,
862,
166,
421,
726,
573,
640,
963,
469,
982,
868,
494,
131,
145,
912,
191,
949,
118,
9,
850,
19,
186,
952,
326,
288,
713,
728,
357,
479,
733,
522,
407,
996,
760,
754,6.0
878,
971,
359,
283,
945,
323,
494,
84,
620,
374,
821,
833,
303,
658,
483,
181,
581,
176,
984,
529,
553,
798,
287,
875,
396,
24,8.0
8,
717,
202,
319,
602,
728,
387,
314,
460,
374,
588,
378,
503,
824,
454,
124,
495,
78,
244,
761,
985,
629,
905,
730,
590,
190,
339,
360,
382,
246,
480,
95,
263,
820,
954,
891,
685,
808,
950,
613,
790,
708,
832,
737,
475,
675,
269,
163,
483,
444,
811,
539,
470,
397,
133,
622,
81,
69,
603,
713,
771,
993,
585,
109,
499,
644,
511,
757,
833,
502,
668,
738,
378,
232,
824,
850,
100,
230,
851,
562,
206,
590,
749,
445,
892,
341,
914,
148,
925,
593,
567,
341,
840,
567,
646,
672,
508,
724,
342,
925,
837,
261,
544,
108,
577,
472,
669,
807,
627,
744,
151,
601,
337,
335,
129,
597,
861,
804,
251,
194,
819,
680,10.0
142,
502,
474,
267,
668,
333,
38,
745,
834,
608,
976,
809,
852,
806,
304,
470,
101,
380,
592,
438,
780,
655,
67,
944,
717,
221,8.0
910,
995,
467,
405,
842,
620,
287,
336,
700,
691,
24,
433,
531,
812,
403,
777,
943,
254,
834,
702,
262,
251,
451,
835,
383,
609,
104,
521,
599,
99,
527,
166,
383,
341,
680,
251,
784,
913,
297,
770,
149,
286,
612,
755,
57,
562,
231,
955,
392,
153,
217,
617,
702,
830,
426,
313,
194,
427,
631,
881,
800,
105,
919,
572,
84,
85,
652,
906,
897,
806,
810,
653,
28,
239,
322,
259,
124,
440,
918,
171,
598,
514,
535,
644,
353,
263,
101,
640,
924,
449,
325,
133,
521,
450,
53,
3,
281,
882,
341,
405,
352,
744,
350,
602,
383,
825,6.0
815,
937,
408,
486,
301,
84,
975,
727,
466,
149,
40,
5,
802,
192,
341,
408,
893,
214,
606,
99,
564,
221,
772,
403,
109,
92,
888,
933,
487,
791,
930,
504,
469,
270,
599,
467,
155,
159,
126,
677,
834,
59,
899,
336,
401,
686,
439,
910,
925,
952,
526,
816,
356,
781,
968,
308,
302,
20,
466,
402,
698,
879,
230,
280,
676,
769,
326,
973,
217,
193,
600,
996,5.0
426,
606,
133,
72,
345,
517,
100,
213,
263,
867,
852,3.0
722,
891,
491,
533,
282,
728,
820,
726,
55,
229,
886,
425,
324,
25,
406,
457,
160,
954,
765,
605,
886,
130,
534,
108,
692,
886,
729,
72,
787,
478,
896,
931,
43,
156,
562,
20,
900,
539,
863,
151,
876,
586,
757,
622,
665,
486,
136,
55,
560,
711,
842,
627,
176,
179,
593,
236,
422,
777,
2,
678,
106,
397,
323,
102,
665,
235,
729,
843,
337,
959,
809,
781,
976,
676,
450,
750,
714,
648,
11,
207,
814,
442,
568,
646,
908,
857,
283,
669,
443,
866,
173,
123,
405,
760,
837,
596,
554,
331,
393,
636,
780,
556,
959,
34,
931,
980,
791,
434,
934,
653,
492,
846,
871,
162,
456,
587,
351,
379,
406,
249,
755,
312,
236,
799,
347,
770,
761,
602,
553,
232,
157,
325,
972,
939,
616,
211,
951,
500,
473,
650,
605,
784,
21,
645,
547,
240,
532,
772,
788,
491,
869,
292,
80,
77,
889,
170,
999,
990,
646,
172,
730,
742,
347,
580,
645,0.0
938,
829,
353,
498,
722,
875,
569,
197,
210,
893,
103,
178,
992,
682,
543,
756,
154,
725,
960,
453,
845,
793,
661,
300,
552,
587,
855,
857,
304,
767,
718,
475,
662,
644,
451,
928,
986,
64,
505,
639,
576,
718,
769,
87,
977,
118,
599,
981,
731,
185,
390,
284,
199,
692,
632,
731,
957,
596,
876,
192,
663,
201,
275,
941,
387,
631,
843,
588,
906,
140,
525,
125,
700,
906,
816,
413,
397,
392,
728,
301,
968,
23,
44,
507,
509,
279,
648,
227,
312,
213,
435,
131,
961,
79,
217,
48,
725,
533,
11,
100,
138,
24,
414,
277,
549,
799,
193,
489,
198,
729,
606,
556,
299,
600,
750,
801,
39,
433,
972,
554,
684,
726,
35,
621,
412,
880,
166,
877,
259,
405,
364,
783,
965,
837,
173,
725,
897,
217,
605,
87,
881,
323,
823,
120,
709,
717,
264,
262,
939,
239,
985,
452,
601,
743,
501,
601,
840,
478,
722,
680,
107,
195,
309,
444,
290,
873,
230,
565,
947,
488,
182,
326,
529,
96,
823,
863,
346,
818,
218,
767,
26,
925,
523,
176,
455,
959,
992,
481,
397,
605,
809,
620,
490,
452,
127,
698,
257,2.0
32,
815,
385,
314,
425,
550,
40,
599,
317,
33,
592,
3,
255,
396,
263,
468,10.0
408,
475,
326,
574,
417,
917,
941,
242,
767,
218,
467,
11,
566,
620,10.0
1,
902,
954,0.0
541,
738,
103,
462,
319,
515,
594,
320,
146,
919,
981,
2,
922,
267,
921,
680,
432,
547,
735,
605,
149,
816,
724,
881,
765,
56,
812,
367,
874,
269,
917,
70,
775,
293,
818,
788,
450,
47,
320,
637,
494,
815,
871,
646,
137,
687,
395,
498,
219,
851,
995,
403,1.0
137,
122,
531,
667,
860,
148,
594,
254,
882,
86,
198,
748,
102,
711,
218,
854,
69,
18,
684,
334,
995,
441,
683,
177,
962,
83,
466,
615,
392,
601,
773,
714,
218,
539,
128,
549,
93,
675,
189,
425,
400,
187,
277,
798,
296,
105,
815,
670,
483,
497,
118,
53,
643,
768,
933,
542,
647,
914,
801,
35,
449,
277,
639,
878,
300,
644,
229,
909,
881,
470,
833,
84,
601,
978,
180,
626,
230,
634,
959,
372,
267,
637,7.0
203,
994,
64,
286,
798,
12,
312,
629,
764,
745,
422,
425,
70,
127,
469,
857,
504,
768,
641,
70,
292,
55,
869,
685,
598,
759,
870,
117,
590,
735,
704,
969,
90,
868,
378,
168,
391,
648,
860,
909,
309,
365,
900,
615,
889,
570,
426,
200,
249,
411,
243,
843,
894,
759,
255,
692,
130,
409,
958,
883,
389,
57,
902,
135,
350,
888,
429,
407,
855,
137,
571,
717,
158,
752,
1,
703,
81,
346,
80,
495,
86,
166,
668,
404,
686,
690,
128,
221,
454,
22,
3,
544,
846,
527,
306,
7,
500,
112,
713,
101,
662,
849,
622,
872,
456,
706,
989,
43,
772,
338,
29,
900,
399,
580,
710,
558,
611,
202,
220,
834,
684,
385,
26,
588,
66,
988,
179,
372,
471,
186,
537,
298,
646,
56,
323,
77,
648,
466,
658,
954,
870,
726,
780,
82,
525,
798,
69,
463,
273,
833,
280,
951,
439,
961,
140,
69,
268,
553,
666,
13,
287,
400,
404,
795,
624,
97,
281,
783,
185,
635,
130,
162,
248,
101,
820,
947,
303,
694,
153,
85,
771,
293,
949,
651,
390,
801,
58,
417,
561,
94,
282,
788,
492,
104,
606,
461,
340,
381,
78,
696,
372,
338,
984,
600,
273,
24,
312,
385,
341,
299,
75,
502,
968,
633,
836,
915,
394,
933,
426,
36,
961,
109,
29,
36,
945,10.0
360,
56,
248,
142,
831,
747,
870,
363,
810,
120,
542,
834,
97,
584,
607,
71,
527,
704,
468,
378,
852,
596,
409,
385,
57,
928,
146,
819,
965,
166,
847,
641,
150,
45,
544,
719,
934,
812,
25,
156,
774,
74,
365,
938,
806,
273,
961,
284,
473,
691,
40,
342,
730,
352,
39,
974,
608,
351,
953,
11,
766,
181,
168,
819,
680,
651,
220,
912,
371,
531,
639,
796,
29,
775,
262,
952,
454,
715,
963,
143,
908,
494,
546,
791,
627,
715,
79,
908,
128,
449,
783,
469,
251,
750,
950,
672,
295,
887,
434,
521,
615,
870,
192,
712,
42,
259,
165,
29,
244,
34,
804,
86,
140,
514,
98,
738,
722,
554,
286,
238,
980,
561,
925,
238,
963,
328,
254,
339,
498,
794,
521,
775,
716,
796,
731,
213,8.0
3,
394,
586,
692,
357,
278,
558,
510,
895,
989,
419,
177,
627,
928,
164,
521,
421,
983,
171,
77,
372,
467,
624,
327,
696,
668,
931,
32,
912,
245,
956,
962,
435,
927,
71,
97,
3,
912,
340,
175,
172,
878,
966,
261,
275,
21,
923,
626,
103,
398,
562,
315,
833,
563,
444,
445,
559,
419,
605,
884,
552,
358,
882,
554,
787,
972,
872,
959,
314,
356,
340,
752,
800,
766,
387,
854,
573,
990,
66,
869,
215,
172,
840,
467,
639,
43,
261,
553,
463,
150,
414,
105,
98,
461,
902,
48,
853,
828,
995,
35,
756,
684,
46,
193,
46,
590,
251,
227,
72,
628,
377,
556,
481,
753,
542,
335,
959,
5,
212,
512,
918,
659,
285,
620,
188,
354,
638,
205,
496,
409,
682,
22,
468,
718,
330,
105,
648,
192,
422,
373,
139,
15,
756,
104,
510,
252,
207,
448,
203,
440,
755,
682,
12,
54,
320,
605,
22,
665,
238,
830,
567,
351,
901,
413,
783,
451,
972,
858,
662,
899,
487,
573,
910,
585,
312,
153,
714,
795,
928,
101,
933,
139,
217,
295,
351,
405,
584,
933,
143,
185,
19,
742,
213,
340,
89,
299,
841,
241,
562,
283,
37,
943,
160,
63,
461,
900,
31,
16,
544,
337,
134,
747,
928,
726,
116,
571,
490,
768,
251,
51,
642,
915,
823,
545,
94,
83,
152,
617,
691,
948,
287,
679,
854,
365,
973,
683,
892,
970,
776,
832,
99,
923,
844,
653,
588,
993,
189,
342,
352,7.0
533,
267,
447,
521,
249,
573,
296,
81,
290,
112,
256,
587,
935,
654,
864,
262,
623,
911,
957,
934,
147,
674,
25,
969,
899,
677,
630,
310,
477,
324,
987,
358,
890,
794,
184,
66,
699,
138,
573,
168,
538,
610,
140,
952,
932,
381,
100,
367,
658,
578,
48,
451,
695,
967,
139,
98,
75,
823,
361,
392,
332,
466,
915,
372,
495,
42,
207,
106,
140,
573,
663,
305,
622,
76,
877,
375,
508,
546,
739,
787,
328,
909,
485,
241,
656,
985,
57,3.0
141,
230,
451,
300,
712,
972,
597,
535,
626,
395,
779,
250,
778,
61,
248,
58,
302,
391,
194,
233,
519,
757,
539,
368,
27,
276,
932,
972,
126,
661,
417,
565,
207,
193,1.0
779,
813,
312,
600,
668,
726,
559,4.0
194,
95,
311,
810,
873,
785,
51,
696,
50,
761,
372,
423,
181,
730,
915,
564,
61,
486,
190,
394,
224,
594,
538,
17,
501,
860,
547,
715,
422,
37,
203,
408,
984,
376,
97,
911,
4,
636,
663,
162,
487,
92,
96,
257,
542,
493,
835,
148,
411,
227,
697,
741,
493,
159,
45,
156,
375,
539,
947,
626,
463,
17,
145,
683,
437,
751,
825,
553,
875,
635,
658,
781,
841,
743,
34,
668,
388,
325,
751,
121,
866,
47,
566,
448,
209,
719,
51,
773,
230,
925,
834,
668,
96,
123,
298,
942,
843,
610,
302,
819,
697,
728,
728,
983,
103,
365,
979,
420,
652,
742,
211,
954,
716,
246,
681,
648,
901,
813,
470,
40,
810,
998,
11,
62,
515,
652,
78,
853,
441,
410,
248,
294,
194,
157,
337,
522,
941,
674,
374,
322,
332,
345,
674,9.0
201,
58,
868,
533,
620,
767,
418,
812,
327,
773,
358,
434,
599,
8,
794,
184,
442,
283,
890,
693,
673,
806,
321,
901,
794,
217,
456,
39,
331,
69,
346,
204,
772,
238,
965,
437,
139,
851,
700,
660,
495,
299,
745,
628,
23,
841,
522,
553,
377,0.0
76,
207,
141,
279,
924,
649,
226,
960,
39,
862,
182,
430,
711,
360,
12,
679,
389,
981,
225,
11,
687,
980,
333,
392,
333,
497,
871,
645,
750,
140,
446,
729,
401,4.0
199,6.0
827,
593,
59,
164,
804,
211,
698,
687,
987,
660,
489,
949,
214,
50,
834,
664,
130,
383,
124,
170,
202,
777,
108,
119,1.0
930,
85,
73,
217,
144,
598,
787,2.0
559,
365,
707,
966,
589,
845,
190,
464,
693,
621,
125,
336,
902,
958,
521,
637,4.0
303,
126,
382,
920,
711,
985,
287,
176,
524,
419,
472,
762,
448,
785,
473,
432,
563,
412,
652,
701,
697,
792,
265,
800,
114,
59,
457,
323,
800,
66,
939,
370,
88,
720,
944,
335,
151,
650,
621,
388,
291,
561,
586,
500,
223,
34,4.0
212,
558,
571,
101,
499,
757,
861,
335,
184,
8,
744,
873,
555,
308,
404,
838,
6,
759,
213,
558,
749,
523,
866,
998,
938,
349,
177,
414,
327,
360,
267,
566,
256,
919,
823,
455,
530,
318,
976,
422,
123,
380,
593,
686,
944,
588,
642,
780,
61,
240,
293,
663,
205,
40,
362,
184,
564,
397,
171,
771,7.0
927,
911,
44,
544,
945,
718,
202,
103,0.0
931,
535,
668,
588,
570,
808,
388,
735,
612,
344,
327,
422,
157,
756,
508,10.0
809,
532,
812,
970,
694,
556,
601,
5,
528,
343,
687,
586,
1,
148,
600,
178,
847,
785,
734,
727,
260,
587,
137,
218,
660,
856,
525,
913,
974,
918,
115,
506,
437,
971,
524,
47,
799,
578,
579,
874,
163,
274,
896,
485,
608,
130,
774,
66,
768,
172,
440,
45,
179,
857,
511,
246,
260,
112,
268,
372,
224,
946,
787,
66,
662,
960,
347,
165,
239,
658,
174,
380,
222,
599,
688,
519,
970,
664,
894,
368,
575,
473,
438,
413,4.0
415,
468,
528,
352,
965,
790,
230,
294,
311,
921,
94,
975,
49,
526,
97,
412,
240,
358,
477,
763,
509,
335,
774,
927,
210,
967,
30,
536,
96,
271,
44,
435,
874,
444,
929,
871,
693,
490,
725,
11,
198,
977,
53,
855,
325,
486,1.0
660,
704,
78,
438,
2,
748,
976,
517,
332,
409,
929,
567,
511,
704,
488,
932,
228,
45,
970,
62,
765,
199,
908,
622,
825,
355,
557,
479,
984,
947,
167,
664,
851,
79,
788,
614,
922,
402,
685,
347,
819,
610,
835,
770,
37,
740,
879,
135,
631,
512,
107,
179,
152,
838,
333,
385,
159,
613,
355,
824,
562,
881,
957,
893,
471,
453,
121,
605,
392,
519,
915,
169,
436,
709,
588,
183,
169,
820,
555,
53,
163,
978,
669,
954,
203,
787,
82,
751,
925,
556,
666,
376,
190,
106,
456,
960,
902,
786,
155,
391,
539,
94,
377,
720,
73,
799,
864,
11,
116,
573,
560,
436,
700,
993,
3,
624,
953,
124,
533,
50,
692,9.0
157,
526,
958,
831,
405,
435,
107,
54,
534,
763,
438,
75,
415,
171,
678,
86,
503,
724,
74,
982,
195,
946,
171,
481,
765,
152,
130,
2,
35,
372,
367,
507,
682,
947,
122,
129,
35,
205,
248,
692,
949,
469,
549,
563,
153,
271,
456,
691,
243,
48,
550,
808,
774,
683,
568,
829,
416,
590,
458,
386,
910,
868,
668,
397,
196,
965,
360,
916,
406,
123,
118,
531,
309,
454,
458,9.0
820,
663,
426,
463,
409,
583,
336,
223,
140,
449,
253,
734,
162,
664,
542,
491,
863,
516,
171,
765,
607,
755,
250,
932,
79,10.0
828,
153,
394,
868,
911,
289,
248,
936,
192,
526,
217,
113,
202,
581,
762,
598,8.0
370,
35,
723,
468,
119,
320,
668,
606,
856,
149,
746,
930,
533,
324,
41,
912,
180,
142,
264,
579,
780,
244,
600,
245,
378,
208,
371,
897,
412,
547,
246,
906,
255,
943,
678,
542,
244,
29,
263,
628,
208,
420,
131,
527,
945,
359,
258,
982,
853,
285,
750,
697,
128,
14,
337,
28,
86,
115,
239,
560,
583,
380,
832,
346,
303,
126,
459,
208,
16,
939,
155,
674,
220,
306,
921,
724,
109,
328,
846,
342,
305,
848,
187,
763,
729,
25,
274,
187,
81,
20,
67,
460,
259,
732,
477,
129,
674,
819,
975,
933,
480,
855,
395,
937,
677,
655,
240,
479,
454,
845,
285,
535,
886,
275,
917,
946,
884,
337,
234,
552,
620,
345,
369,
865,
859,
178,
169,
534,
426,
34,
129,
423,
975,
664,
627,
20,
430,
70,
627,
814,
872,
734,
795,
472,
654,
797,
27,
780,
688,
188,
390,
749,
789,
135,
438,
845,
289,
788,
630,
122,
755,
951,
814,
290,
287,
677,
258,
822,
182,
739,
433,
83,
808,
617,
785,
285,
673,
919,
622,
945,
211,
544,
547,
350,
932,
428,
424,
554,
194,
413,
996,
984,
114,
297,
651,
959,
466,
426,
530,
677,
305,
34,
49,
97,
75,
288,
218,
642,
743,
524,
199,
453,
591,
874,
147,
174,
481,
797,
521,
485,
997,
656,
381,
488,
24,
219,
955,
831,
481,
906,
448,
630,
6,
939,
910,
932,
70,
305,
833,
629,
80,
113,
544,
388,
417,
587,
12,
228,
262,
184,
153,
569,
106,
995,
313,
173,
451,
160,
375,
967,
933,
236,
649,
799,
711,
234,
225,
733,
671,
123,
444,
886,
633,
121,
707,
155,
202,
273,
843,
417,
307,
215,
585,
106,
394,
566,
508,
942,
388,
950,
605,
494,
126,
909,
876,
701,
154,
826,
283,
755,
830,
518,
525,
237,
144,
67,
402,
130,
763,
999,
676,
840,
416,
220,
24,
130,
663,
990,
733,
592,
195,
692,
299,
237,
512,
721,
536,
946,
14,
176,
477,
297,
977,
879,
349,
595,
658,
381,
142,
0,
251,
632,
899,
921,
729,
910,
855,
900,
630,
324,
475,
798,
704,
575,
618,
738,
113,
324,
600,
532,
332,
613,
657,
683,
497,
733,
963,
951,
951,
538,
229,
220,
714,
444,
259,
309,
27,
371,
605,
365,
922,
425,
532,
28,
625,
952,
138,
436,
266,
731,
306,
162,
430,
27,
642,
657,
181,
366,
804,
783,
341,
681,
283,
461,
943,
633,
673,
152,
384,
61,
350,
186,
785,
801,
209,
99,
178,
35,
323,
218,
574,
146,
49,
126,
396,
91,
651,
377,
30,
380,
643,
575,
956,
243,
181,
507,
283,
188,
9,
604,
820,
937,
427,
751,
891,
219,
744,0.0
315,
512,
802,
227,
296,
61,
159,
500,
24,
246,
415,
719,
346,
580,
860,
875,
136,
876,
608,
164,
868,
675,
766,
310,
51,
400,
923,
23,4.0
401,
985,
487,
289,
174,
452,
967,
553,
246,
694,
813,
581,
55,
780,
565,
29,
874,
484,
26,
885,
117,
914,
153,
895,
796,
598,
311,
395,
336,
579,
837,
628,
425,
980,
817,
360,
129,
727,
160,
69,
437,
782,
564,
243,
436,
538,
631,
783,
468,
624,
481,
826,
668,
809,
679,
625,
453,
163,
642,
185,
782,
204,
249,
55,
111,
163,
421,
692,
155,
910,
892,
998,
775,
851,
386,
694,
738,
67,
738,
991,
496,
398,
149,
193,
681,
544,
345,
368,
968,
21,
605,
77,
833,
576,
41,
786,
869,
618,
153,
376,
924,
348,
418,
505,
389,
583,
325,
871,
91,
213,
276,
629,
109,
93,
689,
471,
57,
213,
806,
706,
110,
659,
351,
458,
60,
706,
454,
413,
877,
34,
248,
336,
550,
445,
647,
840,
405,
326,
512,
605,
924,
230,
558,
846,
933,
893,
911,
287,
328,
474,
507,
678,
927,
416,
920,
672,
869,
171,
60,
742,
657,
53,
201,
220,
818,
767,
402,
365,
704,
631,
607,
542,
260,
707,
197,
748,
947,
448,
625,
928,
802,
485,
31,
551,
516,
721,
841,
160,
710,
629,
146,
284,
549,
211,
543,
690,
605,
212,
769,
98,
571,
126,
757,
836,
409,
68,
585,
949,
570,
342,
584,
45,
389,
908,
170,
900,
920,
420,
924,
454,
853,
745,
208,
913,
882,
160,
438,
800,
906,
479,
827,2.0
629,
945,
391,
392,
556,
191,
256,
597,
436,
761,
952,
174,
921,
619,
600,
629,
235,
808,
974,
532,
758,
276,
665,
123,
4,
522,
748,
645,
462,
897,
422,
491,
221,
181,
774,
32,
753,
389,
620,
627,
866,
503,
546,
709,
969,
521,
986,
31,
299,
333,
699,
456,
950,
750,
754,
854,
80,
641,
791,
729,
401,
486,
1,
561,
260,
372,
771,
177,
466,
5,
209,
848,
481,
992,
272,
396,
2,9.0
290,
394,
408,
743,
366,
283,
241,
681,
703,
681,
844,
89,
59,
915,
336,
433,
862,
282,
998,
315,
954,
972,
422,
7,
561,
338,
155,
261,
449,
255,
774,
969,
600,
475,
33,
23,
466,
836,
925,
78,
320,
512,
38,
514,
150,
175,
653,
311,
278,
111,
598,
811,
311,
283,
452,
815,
257,
459,
107,
314,
391,
888,
172,
801,
402,
59,
771,
998,
215,
301,
463,
321,
560,
169,
473,
405,
146,
510,
736,
65,
236,8.0
403,
960,
10,
538,
273,
330,
971,
277,
295,
349,
452,
765,
723,
479,
577,
472,
933,
927,
770,
923,
216,
465,
632,
219,
994,
407,
526,
890,
288,
487,
887,
119,
718,6.0
112,
522,
322,
377,
470,
621,
50,
631,
138,
123,
305,
85,
524,
883,
612,
697,
207,
401,
444,
197,
374,
79,
497,
308,
552,
651,
651,
72,
588,
242,
976,
213,8.0
188,
386,
250,
792,
371,
589,
189,
736,
39,
675,
809,
426,
254,
87,
931,
782,
779,
805,
141,
748,
474,
655,
798,
579,
696,
845,
85,
223,
683,
502,
528,
78,
611,
242,
142,
185,
147,
257,
614,
549,
765,
699,
808,
792,
162,
83,
228,
145,
731,
992,
310,
982,
714,
944,
702,
481,
582,
608,
869,
374,
943,
780,
474,
965,
900,
492,
958,
309,
800,
294,
777,9.0
484,
964,
111,
973,
908,
673,
448,
495,
364,
149,
180,
36,
708,
226,
338,
547,
0,
895,
532,
871,
61,
161,
833,
82,
304,
753,
503,
329,
793,
377,
133,
299,
309,
699,
403,
68,
85,
629,
464,
858,
326,
557,
970,
109,
423,
612,
594,
703,
127,
806,8.0
290,
824,
890,
970,
917,
921,
630,
781,
327,
793,
700,
992,
410,
676,
426,
535,
592,
587,
907,
324,
917,
344,
28,5.0
842,
364,
989,
338,
497,
613,
841,
382,
173,
767,
813,
873,
583,
305,
697,
550,
797,
678,
379,
513,
680,
644,
431,
437,
874,
925,
945,
164,
998,
321,
319,
837,4.0
997,
657,
251,
968,
110,
338,
982,
572,
498,
922,
446,
629,
946,
742,
905,
726,
535,
743,
433,
167,
400,
95,
111,
579,
988,
259,
584,
354,
61,
326,
29,
824,
774,
38,
855,
369,
479,
53,
226,
467,
704,
772,
502,
355,
958,
165,
520,
893,
209,
414,
869,
896,
225,
945,
837,
445,
530,
810,
187,
819,
981,
952,
285,
779,
185,
701,
924,
97,
869,
30,
763,
875,
441,
225,
283,
255,
950,
655,
995,
532,
984,
260,
763,
265,
26,
340,
63,
877,
833,
589,
197,
90,
882,
98,
465,
145,
782,
267,
29,
721,
789,
767,
905,
444,
40,
990,
561,
631,
552,
26,
436,
456,
339,
381,
24,
985,
379,
277,
632,
461,
892,
730,
806,
25,
963,
264,
206,
827,
338,
835,
361,
615,
969,
578,
22,
963,
228,
278,
513,
818,
351,
325,
126,
143,
794,
387,
427,
880,
158,
795,
454,
138,
510,
75,
285,
349,
641,
455,
413,
238,
739,0.0
244,
157,
557,
363,
978,
409,
946,
748,
575,
315,
234,
521,
347,
773,
767,
586,
727,
156,
327,
707,
914,
65,
756,
439,
831,
372,
603,
448,
519,
387,
798,
77,
990,
504,
189,
509,
539,
405,
984,
754,
518,
287,
536,
370,
62,
254,
991,
76,
236,
150,
556,
152,
503,
607,
152,
420,
258,
707,
233,
255,
924,
610,
92,
981,
480,
22,
299,
694,
169,
501,
843,
115,
10,
381,
862,
638,
594,
599,
822,
857,
646,
886,
721,
928,
377,
987,
706,
536,
775,
470,
988,
678,
707,
622,
531,
615,
114,
354,
563,
460,
715,
280,
268,
634,
598,
241,
827,8.0
862,
35,
348,
804,
943,
147,
213,
723,
857,
542,3.0
447,
722,
415,
477,
748,
106,
712,
522,
135,
556,
283,
240,
656,
794,
987,
249,
560,
355,
622,
762,
947,
766,
2,
29,
699,
418,
456,
417,
986,
745,
503,
224,
643,
191,
673,
433,
775,
337,
280,
939,
740,
377,
701,
930,
709,
398,
532,
406,
754,
59,
459,
585,
370,
572,
335,
439,
198,
859,
945,
927,
73,
147,
559,
520,
922,
995,
224,
621,
454,
995,
336,
504,
218,
739,
457,
755,
647,
588,
135,
227,
415,
90,
889,
751,
156,
900,
65,
858,
337,
47,
384,
137,
883,
520,
937,
488,
713,
956,
206,
975,
314,
189,
360,
429,
13,
799,
9,
570,
32,
44,
604,
597,
188,
937,
623,
478,
432,
748,
209,
813,
543,
334,
36,
77,
515,
9,
5,
951,
492,
46,
532,
534,
436,
100,
949,
118,
803,
166,
224,
754,
728,
597,
455,
20,
78,
232,
545,
243,
207,
922,
413,
52,
488,
323,
309,
560,
99,
225,
112,
846,
495,
998,
960,
448,
990,
503,
738,
866,
404,
694,
583,
415,
642,
934,
0,
29,
500,
13,
537,
217,
543,
779,
411,
319,
180,
474,
75,
295,
645,
176,
332,
301,
414,
795,
152,
278,
468,
146,
368,
133,
557,
122,
537,
379,
712,
262,
254,
190,
322,
212,
418,
492,
770,
483,
473,
360,
459,
818,
688,9.0
589,
319,
248,
532,
376,
548,
7,
519,
385,
343,
789,
293,
497,
41,
561,
103,
782,
788,
693,
926,
293,
559,
677,
963,
59,
812,
472,
385,
633,
812,
214,
965,
79,
592,
366,
840,
820,
898,
498,
179,
433,
977,
928,
796,
461,
784,
881,
585,
914,
50,
853,
171,
773,
186,
615,
561,
181,
314,
556,
207,
147,
515,
825,
437,
781,
615,
746,
752,
482,
678,
91,
161,
586,
57,
320,
912,
701,
425,
4,
183,
374,
792,
316,
895,
126,
646,
303,
556,
405,
52,
110,
741,
631,
77,
66,
887,
851,
499,
724,
348,
643,
545,
246,
247,
956,
49,
919,
934,
991,
206,
172,
394,
260,
171,
519,
674,
987,
361,
960,
529,
4,
831,
986,
272,
265,
291,
750,
727,
5,
605,
260,
781,
13,
694,
891,
782,
82,
264,
843,
384,
81,
202,
697,
756,
528,
413,
217,
675,
783,
416,
991,
860,
173,
753,
696,
404,
519,
885,
649,
483,
773,
359,
293,
601,
125,
959,
408,
531,
272,
783,
305,
792,
668,
516,
802,
44,
102,
98,
861,
248,
712,
624,
999,
547,
431,
247,
146,
814,
721,
161,
844,
662,
67,
948,
332,
16,
817,
356,
308,
190,
769,
543,
716,
382,
894,
921,
274,
375,
883,
628,
830,
826,
996,
582,
359,
57,
904,
119,
505,
245,
819,
116,
149,
113,
230,
562,
908,
883,
679,
624,
359,
248,
652,
226,
980,
482,
339,
955,
624,
844,
851,
703,
174,
36,
76,
611,
666,
712,
339,
373,
849,
284,
17,
516,
396,
520,
98,
69,
403,
598,
124,
997,
380,
874,
894,
305,
258,
223,
2,
666,
846,
886,
424,
808,
859,
589,
181,
35,
875,
422,
890,
155,
524,
870,
822,
567,
55,
433,
244,
20,
827,
347,
14,
972,
755,
744,
940,
305,
296,
391,
94,
560,
749,
663,
736,
526,
529,
669,
634,
73,
64,
889,
463,
707,
771,
525,
269,
571,
433,
492,
236,
851,
265,
819,
324,
597,
378,
359,
644,
172,
626,
169,
832,
553,
904,
2,
35,
439,
376,
166,
435,
941,
525,
9,
655,
51,
319,6.0
171,
339,
238,
697,
60,
173,
216,
651,
262,
755,
692,
72,
650,
363,
378,
992,
56,
780,
814,
638,
166,
402,
807,
496,
523,
749,
165,
183,
797,
942,
746,
723,
795,
86,
601,
743,
705,
167,
569,
505,
724,
719,
854,
623,
886,
576,
673,
197,
559,
849,
316,
731,
939,
77,
568,
508,
357,
880,
96,
421,
213,
615,
873,
837,
903,
339,
604,
477,
129,
766,
529,
121,
684,
59,
966,
862,
478,
339,
317,
893,
491,
233,
674,
690,
592,
315,
5,
573,
6,
639,
26,
174,
788,
951,
497,
886,
367,
468,
569,
616,
372,
226,
413,
523,
763,
331,
577,
880,
664,
752,
98,
233,
758,
85,
681,
34,
319,
384,
585,
539,
121,
916,
976,
231,
518,
725,
989,
565,
172,
937,
216,
628,
109,
790,
406,
821,
778,
240,
406,
458,
970,
996,
478,
787,
853,
999,
544,
167,
461,
403,
452,
298,
614,
909,
492,
400,
427,
725,
484,
158,
245,
28,
489,
623,
136,
725,
626,
153,
829,
140,
879,
917,
710,
512,
468,
171,
614,
413,
348,
132,
965,
861,
224,
734,
162,
875,
140,
412,
703,
57,
276,
96,
682,
336,
218,
241,
36,
559,
577,
335,
567,
483,
217,
127,
362,
422,
184,
26,
671,
840,
296,
399,
942,
733,
863,
512,
768,
668,
725,
610,
475,
760,
355,
156,
36,
326,
739,
543,
552,
938,
699,
648,
675,
962,
160,
877,
882,
858,
83,
72,
271,
32,
314,
101,
687,
271,
875,
860,
88,
148,
202,
147,
353,
335,
716,
41,
149,
668,
986,
78,
410,
285,
137,
310,
48,
296,
219,
277,5.0
508,
310,
350,
809,
937,
548,
237,
116,
384,
895,
654,
135,
742,
571,
318,
857,
516,
190,
68,
737,
559,
343,
805,
546,
557,
891,
818,
660,
340,
142,
221,
210,
336,
986,
999,
873,
135,
229,
536,
961,
618,
503,
143,
705,
606,
55,
567,
285,
969,
102,
404,
940,
372,
747,
535,
452,
959,
915,
758,
256,
346,
766,
712,
28,
280,
648,
914,
462,
947,
561,
125,
15,
418,
22,
826,
179,
124,
180,
501,
210,
712,
429,
285,
404,
646,
12,
978,
387,
414,
85,
571,
290,
184,
784,
879,
477,
296,
352,
837,
822,
121,8.0
657,
404,
125,
497,
673,
624,
247,
854,
493,
963,
633,
715,
520,
63,
243,
86,
110,
48,
733,
298,
124,
362,
460,
783,
916,
560,
508,
78,
385,
364,
510,
822,
542,
778,
817,
460,
513,
344,2.0
814,
292,
29,
541,
326,
861,
857,
927,
921,
535,
560,
469,
405,7.0
495,
861,
171,
700,
756,
560,
309,
712,
273,
698,
311,
638,
729,
323,
784,
825,
163,
450,
288,
675,
655,
21,
219,
443,
54,
906,
65,
846,
133,
802,
829,
37,
216,
610,
158,
881,
211,
623,5.0
0,
393,
932,
885,
854,
580,
920,
396,
313,
917,9.0
56,
456,
537,
524,
643,
981,
856,
776,
36,
316,
809,
81,
107,
862,
487,
303,
396,
277,
798,
7,
970,
479,
958,
64,
32,
927,
730,
749,
188,
185,
979,
932,
204,
741,
427,
693,
812,
386,
861,
63,
852,
246,
806,
920,
517,
402,
864,
670,
237,
368,
400,
933,
687,
508,
238,
648,
79,
706,
461,
555,
911,
682,
501,
717,
992,
858,
746,
361,
866,
297,
473,
823,
580,
278,
126,
994,
600,
471,
341,
893,
536,
147,
946,
936,
36,
658,
997,
576,
825,
271,
589,
35,
799,
306,
17,
331,
206,
611,
934,
411,
245,
802,
998,
776,
258,
501,
914,
945,
517,
581,
762,
637,
101,
399,
782,
683,
2,
544,
673,
341,
926,
351,
863,
552,
282,
869,
872,
255,
353,
856,
736,
152,
738,
464,
912,
700,
883,
654,
783,
90,
334,
540,
786,
633,
925,
921,
111,
400,
151,
271,
955,
480,
645,
268,
849,
893,
46,
615,
484,
692,
291,
917,
991,
613,
861,
875,
15,
62,
452,
876,
48,
573,
744,
463,
96,
562,
184,
399,
173,
627,
434,
537,
71,
821,
237,
622,
299,
109,
381,
935,
501,
138,
886,
150,
648,
37,
324,
494,
614,
474,
666,
123,
792,
471,
973,
541,
768,
179,
41,
275,
803,
720,
325,6.0
915,
379,
758,
783,
377,
863,
266,
897,
548,
766,
59,
355,
893,
442,
820,
696,
731,
732,
864,
641,
306,
916,
470,
63,
794,
157,
202,
55,
380,
567,
433,
401,
741,
557,
474,
131,
558,
470,
314,
583,
615,
39,
927,
623,
0,
922,
299,
884,
298,
537,
933,
395,
14,
6,
219,
567,
592,
808,
95,
18,
485,
63,
880,
557,
489,
319,
440,
803,
359,
565,
1,
358,
41,
64,
48,
169,
9,
808,
198,
573,
887,
232,
766,
27,
876,
20,
82,
562,
838,
699,
982,
861,
394,
969,
209,
233,
562,
426,
303,
451,
90,
16,
410,
768,
730,
159,
947,
388,
385,
251,
20,
873,
399,
800,
411,
817,
507,
636,
909,
59,
337,
927,
214,
686,
312,
568,
130,
87,
47,
550,
865,
294,
42,
503,
937,
804,7.0
409,
845,
650,
210,
681,
763,
635,
863,
375,
283,
625,
298,
637,
604,
462,
711,
655,
213,
299,
323,
754,
176,
765,
765,
18,
209,
894,
749,
954,
807,
547,
36,
842,
319,
380,
378,
616,
774,
241,
104,
981,
132,
801,
361,
781,
335,
102,
755,
716,
922,
845,
998,
445,9.0
255,
641,
591,
988,
390,
558,
485,
511,
396,
909,
203,
988,
265,
413,
563,
940,
523,
771,
153,
468,
750,
157,
420,
47,
917,
144,
907,
830,
466,
752,
103,
895,
915,
360,
703,
416,
957,
354,
456,
953,
714,
762,
209,
28,
266,
668,
611,
199,
71,
920,
915,
793,
933,
361,
593,
979,
87,
867,
587,
299,
453,
358,
524,
775,
457,
31,
946,
746,
698,
307,
495,
353,
325,
269,
624,
626,
556,
610,
248,
277,
325,
886,
292,
422,
242,
199,
283,
784,
161,1.0
113,
27,
407,
222,
9,
852,
933,
280,
980,
677,
587,
25,
796,
819,
995,
579,
499,
24,
701,
892,
931,
371,
990,
580,
930,
848,3.0
680,
705,
612,
821,
912,
483,
527,
879,
181,
729,
170,6.0
471,
286,
744,
850,
861,
454,
539,
578,
398,
944,
621,
608,
438,
600,
24,
473,
417,
784,
873,
485,
643,
485,
522,
130,
827,
877,
573,
993,
752,
524,
287,
827,
30,
598,
497,
174,
189,
268,
348,
339,
752,
47,
759,
991,
141,
805,
436,
878,
766,
557,
812,
375,
461,
28,
547,
997,
787,
266,
321,
969,
834,
215,
942,
379,
914,
782,
492,
225,
235,
185,
359,
532,
853,
450,
233,
348,
197,
534,
876,
454,
868,
832,
715,
642,
716,
830,
390,
510,
962,
865,
33,
64,
613,
605,
96,8.0
738,
404,
18,
552,
647,
733,
564,
491,
735,
87,
535,
589,
749,
688,
593,
780,
682,
35,
490,
780,
441,
385,
748,
914,
134,
552,
369,
991,
293,
666,
390,
716,
815,
333,
114,
230,
18,
753,
869,
540,
246,
103,
715,
80,
99,
150,
732,
966,
196,
260,
297,
926,
170,
677,
705,
465,
771,
452,
959,
80,
326,
444,
120,
651,
502,
36,
348,
145,
273,
383,
187,
707,
847,
78,
113,
289,
200,
281,
74,
756,
317,
163,
823,
259,
882,
916,
270,
690,
25,
132,
445,
581,
250,
311,
895,
598,8.0
817,
118,
986,
969,
189,
606,
251,
628,
225,
717,
256,
749,
731,
551,
179,
386,
750,
82,
702,
624,
900,
37,
566,
167,
257,
90,
322,
979,
568,
733,
347,
640,
388,
394,
429,
369,
456,
544,
577,
447,
834,
967,
89,
423,
277,
135,
85,
419,
811,
18,
423,
642,
789,
904,1.0
962,
7,
769,
503,
70,
448,
119,
23,
138,
409,
9,
451,
171,
838,
532,
874,
377,
64,
406,
190,
403,
12,
125,
83,
374,
650,
187,
84,
255,
646,
56,
779,
706,
